"Ast_var","term","estimate","std.error","statistic","p.value"
"TVAL_BANK_proportion","(Intercept)",0.239285402355279,0.000740180470993542,323.279810441481,0
"TVAL_BANK_proportion","EJB1_UNION",-0.0697505392530243,0.00210764733751114,-33.0940276447723,1.24507107609512e-239
"TVAL_STMF_proportion","(Intercept)",0.0337650963409432,0.000265025904759158,127.403003761565,0
"TVAL_STMF_proportion","EJB1_UNION",-0.00602437623658453,0.000754655336673956,-7.98295055215031,1.43494017637023e-15
"TVAL_BOND_proportion","(Intercept)",0.0034494742457931,8.94167476904268e-05,38.5774962173268,0
"TVAL_BOND_proportion","EJB1_UNION",-0.000893831315347553,0.000254612189302516,-3.51055979604163,0.000447245308580782
"TVAL_RENT_proportion","(Intercept)",0.0154636409688688,0.000193832756498982,79.7782647689379,0
"TVAL_RENT_proportion","EJB1_UNION",0.00123961914600693,0.000551934439190423,2.2459536096809,0.0247078757216568
"TVAL_RE_proportion","(Intercept)",0.012523894308325,0.000170880288335104,73.2904563208899,0
"TVAL_RE_proportion","EJB1_UNION",0.00189001260896734,0.000486577799410435,3.8842968406232,0.00010265366640951
"TVAL_OTH_proportion","(Intercept)",0.0190756589519692,0.000210940641321118,90.4314068284739,0
"TVAL_OTH_proportion","EJB1_UNION",0.00703344774843852,0.000600648758615012,11.7097515770388,1.1586668170243e-31
"TVAL_RET_proportion","(Intercept)",0.204605094696487,0.000603141391011894,339.232388533673,0
"TVAL_RET_proportion","EJB1_UNION",0.0165276121146405,0.0017174316220511,9.62344695557768,6.42385593758883e-22
"TVAL_BUS_proportion","(Intercept)",0.00487504967942316,0.000115784923586696,42.1043563221154,0
"TVAL_BUS_proportion","EJB1_UNION",-0.0016658906013781,0.000329694980460461,-5.05282367068942,4.35640865723934e-07
"TVAL_HOME_proportion","(Intercept)",0.304136360950093,0.000771740267555875,394.091605344506,0
"TVAL_HOME_proportion","EJB1_UNION",0.0823158097503786,0.00219751315240856,37.4586198313112,3.291564937299e-306
"TVAL_VEH_proportion","(Intercept)",0.159375156076842,0.000593031614081551,268.746475385924,0
"TVAL_VEH_proportion","EJB1_UNION",-0.0299756098674693,0.00168864425834037,-17.7512875902767,1.86702075867958e-70
"TVAL_ESAV_proportion","(Intercept)",0.00344517142610702,8.35014523485412e-05,41.2588204062202,0
"TVAL_ESAV_proportion","EJB1_UNION",-0.000696254094621514,0.000237768518108135,-2.92828546083996,0.00340868640120798
